time	cpu	read_count	write_count	read_bytes	write_bytes	read_time	write_time
0	15	0	1	0	131072	0	1
1	13	102	125	881152	1394176	220	346
2	20	246	405	17809408	20226048	1159	3527
3	11	79	85	642048	826368	144	89
4	6	6	190	28672	1540608	114	995
5	6	8	10	561152	49152	17	2
6	16	8	71	40960	4499456	4	5058
7	13	26	274	1716224	6807552	501	2980
8	9	7	151	36864	2787840	36	645
9	22	0	127	0	1191936	0	1514
10	20	142	114	13377536	714240	2284	248
11	16	66	182	6279168	8654848	1123	846
12	14	144	264	850432	13584384	104	2684
13	7	60	444	5324800	2183168	256	333
14	19	360	752	5505024	4763648	187	645
15	19	122	110	700416	1012224	1015	2780
16	20	138	255	1085440	2390016	614	947
17	28	131	265	802816	3316224	1439	1521
18	18	171	397	1343488	3398656	868	1613
19	22	111	221	1126400	2283520	977	1016
20	19	155	268	1200128	2488320	855	988
21	16	123	235	1036288	2308608	925	1371
22	15	103	216	1003520	2226176	1369	1252
23	16	130	160	1597952	1992192	910	1641
24	23	49	5	720896	40960	217	2
25	17	84	214	6692864	2765312	165	802
26	26	14	44	94208	415232	90	378
27	22	61	67	418816	368640	31	12
28	19	49	46	724992	212992	93	9
29	16	6	134	24576	606208	1	28
30	10	89	143	610304	1261568	242	57
31	14	44	258	638976	3723264	67	4377
32	23	243	75	5821952	393216	140	14
33	20	46	172	1577472	1773568	25	49
34	26	16	121	307200	569344	4	25
35	19	42	90	409600	2306048	55	56
36	22	147	46	8119296	454656	2434	10
37	45	16	14	131072	204800	82	3
38	15	34	64	454656	1572864	63	42
39	14	0	1	0	4096	0	1
40	26	17	7	282624	471040	5	6
41	25	27	26	438272	385024	141	11
42	12	12	31	208896	413696	31	16
43	14	58	270	626688	1949696	373	13769
44	14	13	12	212992	282624	5	2
45	18	20	14	282624	258048	42	5
46	18	19	29	262144	1187840	6	30
47	15	12	11	184320	290816	14	4
48	15	56	77	1597440	3338240	40	79
49	32	34	39	368640	577536	7	7
50	33	106	144	1118208	4104192	292	165
51	37	62	75	839680	1150976	299	46
52	47	125	13	1781760	663552	496	14
53	52	65	0	942080	0	313	0
54	52	3	21	45056	2473984	1	79
55	51	6	26	81920	3104768	25	121
56	53	26	32	389120	3792896	84	194
57	58	5	14	118784	1413120	0	64
58	52	8	40	204800	4673536	399	193
59	52	17	23	274432	2424832	109	108
60	53	11	182	421888	2067456	51	639
61	57	5	181	155648	4317184	22	652
62	58	3	32	28672	2756608	6	140
63	65	1	15	16384	1507328	0	46
64	76	10	58	245760	4087808	4	145
65	63	4	54	49152	4444160	1	192
66	64	5	64	200704	5304320	1	206
67	71	4	46	249856	3207168	20	98
68	53	1	11	32768	1150976	1	27
69	52	3	3	81920	57344	0	1
70	53	2	30	20480	3522560	0	160
71	58	4	34	77824	3940352	12	136
72	56	5	35	151552	3133440	1	138
73	61	6	12	188416	1323008	12	44
74	65	5	36	118784	2994176	1	92
75	63	1	29	12288	3117056	0	129
76	61	4	17	73728	925696	27	29
77	57	15	47	204800	4292608	6	152
78	57	7	19	299008	1855488	15	57
79	55	9	11	110592	688128	28	16
80	53	3	45	69632	5005312	16	327
81	52	6	10	192512	1191936	1	45
82	52	1	11	32768	1298432	7	43
83	53	3	36	73728	4358144	1	191
84	53	4	32	53248	3538944	1	136
85	58	9	34	278528	4030464	18	275
86	54	1	26	32768	2031616	0	60
87	56	4	21	69632	2220032	1	93
88	53	3	39	81920	4292608	7	158
89	53	6	14	270336	1630208	1	64
90	53	4	35	40960	3772416	1	116
91	53	3	9	77824	1003520	9	30
92	54	2	93	28672	3616768	1	175
93	52	3	41	65536	4648960	9	204
94	56	7	15	98304	1314816	11	45
95	55	3	19	69632	2191360	29	58
96	57	13	26	217088	2859008	14	91
97	57	11	14	409600	1441792	3	62
98	57	2	17	61440	1966080	0	78
99	53	2	34	36864	3067904	1	150
100	53	3	18	94208	2113536	1	95
101	52	3	17	49152	1990656	0	110
102	52	0	0	0	0	0	0
103	52	3	31	69632	3739648	39	150
104	53	6	26	151552	2818048	1	210
105	54	2	34	24576	4157440	1	359
106	58	1	12	8192	1417216	0	35
107	60	2	30	57344	3403776	8	148
108	63	23	16	266240	1429504	41	51
109	60	16	51	168448	5840896	7	376
110	57	46	8	491520	544768	98	34
111	54	41	41	249856	5275648	843	19038
112	54	2	27	65536	3137536	14	108
113	53	5	19	241664	2158592	2	133
114	54	2	0	8192	0	0	0
115	55	3	45	45056	5091328	1	403
116	55	1	17	20480	2056192	0	111
117	53	2	35	40960	4247552	0	227
118	54	6	25	126976	2969600	2	111
119	53	3	0	49152	0	1	0
120	54	4	39	114688	4423680	2	254
121	54	4	13	40960	995328	2	31
122	53	2	131	32768	4513792	1	454
123	53	1	10	20480	1130496	0	37
124	53	3	47	53248	5591040	0	312
125	53	1	24	16384	2727936	1	97
126	53	3	15	45056	1597440	0	65
127	52	6	31	32768	3428352	1	132
128	53	1	10	8192	1097728	0	37
129	59	3	43	40960	4878336	1	219
130	63	0	0	0	0	0	0
131	54	2	37	8192	4280320	0	189
132	54	13	19	409600	1708032	23	53
133	53	12	45	184320	3739648	27	118
134	32	8	8	311296	626688	3	19
135	28	0	9	0	1056768	0	21
136	14	0	14	0	1687552	0	80
137	6	3	50	20480	4939776	33	550
138	6	2	240	8192	28971008	8	10871
139	7	0	239	0	29360128	0	5051
140	8	6	205	24576	24768512	39	8514
141	6	0	120	0	15073280	0	17254
142	5	1	210	4096	26218496	12	9830
143	5	1	232	4096	28573696	398	2858
144	6	0	80	0	9695232	0	5732
145	7	1	131	4096	15859712	387	14892
146	8	1	417	4096	53477376	402	18349
147	7	1	681	4096	87293952	58	39370
148	7	1	588	4096	76042240	51	36072
149	6	2	585	262144	72622080	36	6908
150	6	1	527	4096	66150400	45	7174
151	5	41	407	2187264	49500160	342	4378
152	16	109	81	5918720	1069056	1190	2253
153	21	74	9	4898816	122880	529	2
154	11	5	4	122880	147456	7	2
155	5	117	14	10401280	1519616	814	57
156	6	211	0	20570112	0	1614	0
157	6	189	0	17960960	0	1593	0
158	48	188	0	17453056	0	1431	0
159	53	13	63	258048	6975488	170	1419
160	54	6	33	32768	2859008	1	80
161	53	10	32	45056	2691072	1	55
162	53	5	25	20480	2342912	1	58
163	53	6	20	32768	1736704	1	43
164	54	8	40	36864	3395584	1	89
165	42	4	8	36864	454656	1	6
166	15	4	41	24576	4157440	0	104
167	30	14	56	189440	6754304	104	1374
168	40	49	59	405504	1224704	68	24
169	48	31	480	130560	2335744	51	17760
170	37	43	98	258048	598016	91	32
171	39	33	68	172032	442368	103	43
172	55	28	474	143360	2217984	62	13789
173	44	58	103	327680	618496	78	42
174	40	46	444	233472	2348032	69	15804
175	13	49	96	565248	529408	104	238
176	18	27	49	151552	708608	105	8
177	20	22	44	110592	630784	80	7
178	17	13	159	53248	2385408	43	314
179	17	0	196	0	1439232	0	5579
180	19	0	69	0	1798144	0	15
181	17	2	70	8192	1667072	2	19
182	20	4	168	86016	3387392	3	224
183	37	0	79	0	1355776	0	17
184	40	23	51	126976	479232	80	20
185	38	35	290	249856	2105856	366	8784
186	53	12	70	94208	383488	11	4621
187	24	24	63	159744	810496	97	98
188	51	6	313	32768	1572352	36	13958
189	60	29	529	290816	3311616	94	17092
190	60	38	122	180224	4014080	6	22953
191	56	28	107	143360	1523712	3	51
192	42	21	93	135168	1290240	3	23
193	77	21	509	86016	2192384	56	17885
194	59	64	92	565760	663552	19	15
195	46	32	73	131072	405504	5	11
196	60	21	408	86016	2257920	94	15559
197	48	91	68	487424	745472	133	38
198	57	29	356	147456	3280896	171	15977
199	57	23	54	106496	438272	25	21
200	54	22	57	90112	335872	10	16
201	57	23	281	102400	2068480	36	9670
202	57	10	52	40960	294912	18	9
203	55	9	349	36864	1959936	63	13902
204	53	2	18	8192	155648	24	3
205	27	0	12	0	126976	0	1
206	40	2	8	8192	151552	23	8
207	44	22	278	110592	2193408	190	8370
208	40	29	349	151552	2211840	225	9304
209	44	23	329	159744	2304000	121	11152
210	53	32	346	229376	2419712	264	8952
211	23	11	94	53248	671744	27	31
212	49	3	521	98304	5597696	25	12645
213	37	8	245	61440	4840960	126	6551
214	29	4	93	24576	3786240	23	14957
215	60	4	305	20480	1574400	22	14810
216	42	2	85	69632	491520	21	20
217	52	8	301	90112	2159616	442	16737
218	28	5	280	24576	2598912	81	3862
219	31	2	47	16384	352256	24	14
220	45	43	228	364544	2183168	224	6891
221	49	37	38	344064	1433600	36	22
222	45	32	48	356352	954368	36	36
223	42	35	97	1232896	4276224	35	102
224	53	32	83	991232	3751936	58	110
225	40	3	55	135168	1134592	1	32
226	53	64	74	1335296	4218880	188	78
227	47	174	20	1175552	638976	134	34
228	18	41	194	413696	3189760	394	917
229	38	79	32	1397248	1130496	236	26
230	54	18	56	126976	2875392	22	1730
231	50	20	41	237568	1617920	22	19
232	53	22	186	214528	2988032	96	273
233	53	54	16	372224	1024000	30	15
234	56	15	145	156160	2959360	3	384
235	48	20	63	123904	692224	9	15
236	21	12	36	167936	1085440	49	19
237	53	8	20	81920	1077248	36	33
238	31	10	34	114688	1490944	1	20
239	33	7	39	57344	831488	1	14
240	43	7	45	94208	483328	60	12
241	15	5	12	36864	1015808	47	15
242	53	7	12	57344	1065472	78	33
243	55	19	415	106496	6677504	192	2646
244	35	5	91	53248	1693184	20	995
245	34	12	13	58880	843776	75	11
246	34	16	30	303104	1138688	37	20
247	23	0	3	0	172032	0	4
248	39	1	20	16384	1536000	1	45
249	52	26	39	229376	1589248	52	74
250	40	14	52	77824	1454080	2	30
251	43	23	35	229376	1568768	36	20
252	37	21	31	368640	1564672	59	55
253	47	42	49	1142784	1064960	124	48
254	51	99	73	700416	1261568	76	54
255	55	121	272	569344	3058688	92	2695
256	34	129	90	688128	1351680	19	50
257	49	77	64	737280	917504	78	31
258	16	122	31	3817472	1105920	175	25
259	54	4	17	28672	1011712	33	24
260	54	26	51	360448	929792	44	17
261	54	16	52	217088	540672	46	24
262	54	26	53	303104	1015808	7	14
263	61	1	202	8192	3744768	30	488
264	56	13	66	143360	942080	23	21
265	56	13	49	159744	1224704	12	23
266	54	25	29	266240	827392	17	12
267	54	18	33	143360	1765376	29	24
268	56	11	22	135168	1302528	3	18
269	55	15	20	200704	1355776	3	19
270	52	13	25	131072	1400832	17	17
271	55	18	19	454656	729088	57	8
272	54	6	19	122880	1859584	13	38
273	54	8	10	139264	827392	11	11
274	54	9	171	81920	4327424	3	672
275	54	5	14	69632	593920	1	8
276	53	19	22	221184	716800	6	18
277	53	4	28	81920	1617920	2	34
278	53	11	17	163840	987136	13	24
279	54	7	17	110592	1413120	2	31
280	53	8	24	69632	1335296	1	26
281	53	8	10	118784	618496	1	10
282	52	3	16	24576	1302528	1	18
283	50	17	11	245760	1114112	52	41
284	54	15	8	192512	684032	142	99
285	54	10	20	122880	2048000	7	50
286	55	33	38	409600	1929216	83	43
287	56	24	32	204800	557056	18	18
288	54	18	34	184320	1028096	3	28
289	56	42	24	585728	1441792	67	28
290	54	23	17	344064	905216	37	13
291	54	11	24	192512	1835008	2	32
292	54	15	13	352256	491520	25	9
293	53	9	12	425984	761856	9	12
294	54	0	9	0	548864	0	12
295	55	21	12	790528	696320	41	17
296	54	8	29	69632	2969600	20	122
297	54	8	12	90112	585728	10	12
298	64	17	159	425984	2769920	40	497
299	60	3	3	45056	12288	0	0
300	54	7	16	270336	1572864	2	39
301	53	4	11	81920	585728	1	6
302	54	8	22	159744	2363392	1	81
303	22	4	28	77824	528384	1	14
304	15	2	86	45056	2578432	9	139
305	31	0	66	0	644096	0	483
306	55	111	49	930816	2007040	155	52
307	30	47	66	716800	1064960	25	34
308	18	9	19	184320	397312	2	11
309	18	5	9	122880	331776	21	4
310	19	9	15	110592	249856	2	3
311	52	2	13	24576	204800	0	9
312	63	41	86	593920	5746688	151	953
313	58	20	22	172032	585728	54	10
314	60	18	29	126976	1466368	30	25
315	63	12	36	73728	2248704	14	57
316	54	12	21	131072	888832	3	18
317	54	10	16	94208	950272	3	20
318	65	21	20	126976	1015808	34	12
319	68	7	20	53248	1413120	25	31
320	59	8	15	53248	954368	27	13
321	57	13	20	102400	499712	37	8
322	54	11	19	73728	770048	26	13
323	53	11	17	86016	888832	30	11
324	56	9	15	36864	786432	16	20
325	63	3	11	49152	581632	21	10
326	55	11	9	81920	331776	17	6
327	49	8	7	40960	577536	2	7
328	64	6	39	155648	3010560	66	204
329	54	2	27	16384	3055616	12	7509
330	55	4	15	36864	1130496	12	16
331	42	6	25	49152	2080768	1	43
332	53	6	144	24576	2428928	1	274
333	53	3	0	20480	0	18	0
334	53	2	12	28672	1245184	7	22
335	56	0	161	0	5115904	0	712
336	60	0	10	0	1163264	0	44
337	54	0	12	0	1282048	0	440
338	52	0	24	0	2719744	0	97
339	53	12	24	327680	2654208	35	84
340	53	2	6	32768	651264	0	15
341	56	0	4	0	434176	0	8
342	53	0	11	0	1277952	0	54
343	53	0	0	0	0	0	0
344	53	0	29	0	3076096	0	110
345	53	0	13	0	1363968	0	39
346	52	0	17	0	1789952	0	40
347	54	0	0	0	0	0	0
348	52	0	12	0	1351680	0	38
349	53	0	14	0	1634304	0	77
350	52	0	18	0	1929216	0	46
351	53	0	5	0	491520	0	14
352	52	0	35	0	4124672	0	165
353	53	0	13	0	1257472	0	28
354	60	0	18	0	2043904	0	76
355	64	0	14	0	1490944	0	43
356	53	0	10	0	978944	0	21
357	54	0	28	0	3239936	0	107
358	52	0	5	0	450560	0	13
359	53	0	15	0	1613824	0	37
360	53	0	23	0	2486272	0	67
361	53	0	5	0	450560	0	12
362	52	0	21	0	2265088	0	70
363	53	0	6	0	667648	0	19
364	54	0	14	0	1449984	0	39
365	52	0	128	0	4669440	0	423
366	52	0	11	0	1282048	0	43
367	53	0	33	0	3878912	0	151
368	52	0	5	0	516096	0	13
369	53	0	9	0	995328	0	24
370	53	0	10	0	1089536	0	25
371	53	0	11	0	1290240	0	44
372	52	0	8	0	897024	0	25
373	53	0	24	0	2809856	0	103
374	53	0	6	0	679936	0	15
375	53	0	17	0	1785856	0	40
376	52	0	0	0	0	0	0
377	53	0	13	0	1421312	0	37
378	52	0	14	0	1642496	0	79
379	53	0	18	0	1929216	0	42
380	52	0	5	0	487424	0	13
381	54	0	37	0	4255744	0	198
382	53	0	13	0	1261568	0	41
383	59	0	25	0	2826240	0	80
384	57	0	9	0	712704	0	16
385	58	0	10	0	970752	0	21
386	59	0	0	0	0	0	0
387	56	0	34	0	3756032	0	125
388	55	0	0	0	0	0	0
389	55	0	22	0	2400256	0	64
390	54	0	16	0	1740800	0	62
391	55	0	7	0	483328	0	13
392	54	0	20	0	1912832	0	48
393	54	0	5	0	229376	0	5
394	53	0	17	0	1867776	0	69
395	57	0	70	0	1970176	0	139
396	56	0	14	0	1183744	0	27
397	57	0	4	0	57344	0	3
398	56	0	6	0	299008	0	4
399	54	0	7	0	339968	0	4
400	53	0	6	0	200704	0	3
401	54	0	12	0	577536	0	12
402	52	0	7	0	352256	0	7
403	55	0	11	0	598016	0	11
404	57	0	14	0	1048576	0	24
405	56	0	18	0	372736	0	10
406	57	0	6	0	208896	0	3
407	54	0	19	0	1388544	0	55
408	46	0	8	0	98304	0	7
409	36	0	12	0	1044480	0	20
410	33	6	9	53248	536576	32	6
411	36	2	7	12288	679936	10	12
412	21	2	9	45056	737280	0	23
413	51	0	5	0	483328	0	14
414	54	13	12	118784	905216	51	27
415	54	3	3	20480	184320	2	2
416	57	3	22	12288	2408448	1	77
417	55	4	21	16384	1957888	0	83
418	50	5	10	20480	176128	1	5
419	32	4	13	45056	151552	0	4
420	47	0	38	0	368640	0	7
421	40	15	7	274432	94208	33	2
422	28	2	12	57344	1003520	1	19
423	20	10	149	98304	3819520	74	347
424	53	21	14	176128	942080	57	20
425	57	1	77	32768	1454080	11	165
426	57	9	3	102400	20480	27	2
427	58	6	6	151552	700416	22	18
428	53	1	11	32768	966656	0	27
429	57	3	2	53248	77824	31	2
430	57	13	15	176128	1105920	4	21
431	61	3	28	20480	3137536	1	146
432	56	2	11	12288	798720	0	9
433	60	4	6	94208	405504	1	4
434	57	6	11	139264	946176	3	17
435	55	6	13	176128	1032192	1	32
436	56	1	6	4096	667648	0	15
437	57	8	18	163840	1781760	4	47
438	53	31	44	344064	5365760	68	11131
439	55	50	8	622592	516096	98	13
440	55	28	7	303104	602112	23	10
441	39	0	11	0	1245184	0	43
442	17	0	14	0	1626112	0	79
443	16	0	13	0	1527808	0	41
444	15	0	0	0	0	0	0
445	15	0	0	0	0	0	0
446	14	0	0	0	0	0	0
447	15	0	0	0	0	0	0
448	15	0	0	0	0	0	0
449	26	0	0	0	0	0	0
450	42	17	63	147456	7094272	48	1559
451	33	4	29	65536	1433600	1	17
452	15	11	22	90112	868352	1	20
453	16	39	13	4820992	626688	143	9
454	15	0	0	0	0	0	0
455	15	2	232	16384	3018752	2	760
456	16	3	0	32768	0	2	0
457	16	0	0	0	0	0	0
458	14	0	5	0	73728	0	3
459	14	0	0	0	0	0	0
460	13	0	0	0	0	0	0
461	14	0	0	0	0	0	0
462	13	0	0	0	0	0	0
463	15	0	0	0	0	0	0
464	14	0	0	0	0	0	0
465	14	0	0	0	0	0	0
466	14	0	0	0	0	0	0
467	27	0	0	0	0	0	0
468	24	2	1	94208	24576	2	2
469	16	43	35	1257472	4489216	187	7528
470	44	0	38	0	4603904	0	297
471	56	27	67	299008	2363392	129	3080
472	61	21	44	348160	2805760	7	74
473	59	24	17	475136	1277952	9	14
474	35	6	29	61440	2183168	1	35
475	17	11	26	86016	843776	65	14
476	14	1	14	16384	319488	0	7
477	17	0	21	0	2072576	0	114
478	48	4	11	32768	565248	8	13
479	47	8	179	110592	2205696	46	281
480	39	20	21	278528	1482752	605	867
481	23	3	21	12288	1413120	9	413
482	37	6	16	86016	581632	25	7
483	29	21	23	368640	712704	371	1030
484	45	3	21	53248	905216	332	847
485	33	34	50	512000	1460736	622	1330
486	35	40	192	430080	2353664	713	10756
487	38	45	54	618496	626688	2176	2683
488	49	31	56	258048	458752	1487	2230
489	39	47	90	442368	712704	828	1667
490	60	64	59	462848	552960	110	27
491	58	180	90	1146880	1060864	195	60
492	55	37	40	499712	876544	7	24
493	57	37	24	655360	786432	8	18
494	40	33	57	376832	1355776	5	32
495	15	44	52	638976	790528	83	26
496	17	50	11	349184	188416	47	3
497	23	60	138	360448	2164736	151	282
498	16	15	0	61440	0	19	0
499	19	43	6	241664	110592	137	4
500	15	53	19	306176	741376	14	14
501	16	70	49	1369600	2174976	46	36
502	18	15	15	184320	843776	26	10
503	15	24	15	348160	372736	25	5
504	14	20	7	299008	294912	14	2
505	14	11	9	167936	385024	2	4
506	14	7	2	155648	65536	2	0
507	13	31	24	753664	1449984	39	118
508	16	43	353	456704	2149376	85	12208
509	17	5	2	205312	159744	2	1
510	17	10	7	237568	569344	2	4
511	16	55	52	2129920	3473408	160	74
512	18	13	8	360448	327680	4	2
513	15	36	40	851968	2027520	49	36
514	15	42	26	647168	847872	73	6
515	15	24	26	540672	1404928	10	16
516	13	24	148	565248	3075072	64	309
517	14	32	9	467456	708608	75	4
518	14	25	32	749568	2719744	43	49
519	14	23	27	557056	1986560	8	18
520	14	17	9	499712	450560	4	3
522	15	16	17	471040	1409024	25	17
523	15	16	18	520192	1466368	4	17
524	23	12	7	352256	561152	10	3
525	17	8	7	147456	618496	2	3
526	15	35	42	720896	3715072	65	92
527	15	26	33	770048	2437120	7	36
528	14	9	5	225280	507904	11	3
529	21	13	8	339968	503808	3	5
530	15	35	50	745472	4374528	70	300
531	15	14	43	417792	4919296	4	18292
532	14	74	29	1187840	1761280	21	21
533	14	23	25	585728	1634304	39	26
534	15	10	10	282624	344064	3	6
535	14	10	7	241664	585728	2	3
536	14	15	6	274432	421888	15	3
537	15	37	57	999424	3837952	55	69
538	16	13	12	319488	585728	3	5
539	16	36	30	2306048	3387392	42	117
540	15	11	9	196608	618496	17	7
541	15	14	9	258048	438272	3	2
542	14	27	53	651264	3792896	41	69
543	14	39	15	942080	1024000	81	26
544	15	34	36	880640	2273280	9	22
545	15	21	11	348160	487424	5	3
546	15	36	43	905216	2486272	10	52
547	15	31	164	565248	2690048	54	360
548	15	34	36	675840	1646592	16	21
549	14	34	22	618496	720896	17	7
550	15	32	29	671744	1335296	19	13
551	15	44	21	2429440	1904640	81	37
552	15	56	28	659968	1589248	21	18
553	24	80	8	1044480	700416	52	6
554	55	40	113	566272	1798144	159	230
555	54	97	82	815104	1007616	143	114
556	54	43	55	565248	1777664	66	61
557	53	25	46	286720	1843712	4	30
558	55	50	186	622592	2899456	103	450
559	54	25	38	454656	913408	9	22
560	54	62	56	1617920	1859584	108	42
561	53	42	45	611328	1523712	40	45
562	61	51	58	811008	1261568	71	28
563	56	46	28	386048	1372160	31	19
564	56	86	166	918528	3581952	41	521
565	54	29	45	335872	1298432	5	29
566	54	23	37	307200	851968	15	18
567	53	13	27	77824	995328	25	23
568	55	8	22	110592	1318912	1	17
569	55	30	45	360448	1339392	11	32
570	56	11	26	139264	1073152	6	21
571	55	30	35	270336	1122304	15	21
572	56	23	35	303104	1843200	17	53
573	45	23	28	425984	1515520	7	22
574	35	11	155	147456	3655680	5	262
575	52	42	6	1052672	135168	37	2
576	33	11	18	212992	1277952	2	18
577	14	1	163	16384	2703360	1	479
578	40	0	0	0	0	0	0
579	54	95	38	864256	2326528	158	87
580	60	65	39	487424	1138688	11	27
581	62	40	24	421888	1007616	59	20
582	54	19	27	147456	860160	29	18
583	54	19	160	323584	4855808	87	375
584	53	18	9	458752	425984	4	7
585	56	12	30	446464	2777088	8	86
586	57	8	5	286720	315392	25	3
587	56	19	33	782336	2711552	7	73
588	56	26	39	774144	2256896	38	72
589	53	25	23	745472	1138688	8	22
590	51	27	35	688128	1638400	6	26
591	58	36	65	471040	1052672	24	36
592	55	0	32	0	790528	0	16
593	54	0	35	0	1097728	0	21
594	53	1	28	8192	1048576	0	22
595	54	0	21	0	770048	0	15
596	53	0	34	0	2752512	0	65
597	54	0	21	0	1290240	0	18
598	54	0	22	0	1757184	0	38
599	54	0	11	0	1040384	0	24
600	55	0	38	0	2564096	0	58
601	54	0	28	0	1183744	0	21
602	55	0	26	0	1191936	0	22
603	47	0	40	0	1400832	0	29
604	53	60	197	405504	2840576	141	295
605	54	31	64	286720	1179648	12	35
606	56	2	12	8192	745472	0	13
607	34	2	78	32768	2571264	0	138
608	54	0	83	0	2806784	0	208
609	54	0	12	0	745472	0	10
610	27	0	21	0	1703936	0	27
611	37	3	22	28672	1794048	7	37
612	50	16	44	151552	733184	73	29
613	56	13	49	188416	630784	40	21
614	53	3	132	32768	2647040	0	371
615	54	7	147	49152	3938304	42	324
616	55	3	26	28672	679936	1	17
617	54	1	29	12288	3059712	0	105
618	54	1	0	4096	0	0	0
619	31	2	24	8192	2347008	0	76
620	51	1	236	4096	4425216	0	999
621	30	7	90	45056	1043968	67	214
622	22	0	9	0	610304	0	8
623	31	21	14	348160	1097728	24	33
624	24	2	31	12288	671744	22	11
625	53	5	18	45056	630784	27	9
626	53	12	11	110592	684032	2	7
627	53	4	15	16384	1249280	11	23
628	33	3	8	45056	618496	1	10
629	54	6	18	24576	1150976	1	14
630	55	25	11	249856	753664	15	12
631	54	10	17	245760	1204224	2	28
632	54	4	8	57344	237568	0	4
633	53	2	5	8192	495616	1	11
634	53	2	12	8192	1122304	0	26
635	53	3	14	16384	1118208	17	19
636	56	6	22	49152	2322432	29	61
637	55	1	13	4096	1400832	0	37
638	22	2	280	16384	6414336	6	716
639	56	40	21	368640	1081344	95	36
640	56	22	46	167936	1040384	4	27
641	56	24	35	405504	987136	4	22
642	40	29	44	544768	1363968	5	28
643	54	22	21	430080	679936	19	15
644	53	15	27	262144	1454080	7	21
645	28	22	32	409600	884736	22	21
646	14	2	6	90112	589824	1	19
647	31	0	0	0	0	0	0
648	54	41	20	327680	770048	36	16
649	51	23	36	221184	958464	3	22
650	64	38	22	352256	729088	82	14
651	54	20	25	241664	2269184	58	826
652	54	15	53	139264	5656576	2	19906
653	53	6	20	57344	1462272	1	33
654	28	12	13	167936	974848	23	15
655	50	11	20	143360	1224704	38	24
656	54	41	43	413696	757760	66	45
657	53	12	17	98304	1191936	2	19
658	53	17	140	114688	3032064	2	309
659	53	9	13	94208	897024	1	20
660	53	8	17	98304	1114112	2	14
661	54	6	27	49152	2297856	1	65
662	53	12	30	167936	2035712	2	40
663	46	15	9	233472	610304	2	6
664	38	5	23	45056	1634304	1	30
665	53	10	17	102400	1007616	45	16
666	32	9	12	81920	905216	13	12
667	30	6	30	81920	1753088	68	38
668	46	3	158	86016	2545664	22	379
669	52	9	20	110592	1916928	59	45
670	53	5	7	49152	700416	3	12
671	53	11	14	118784	1585152	2	35
672	53	2	15	32768	1556480	0	40
673	52	1	30	16384	3473408	6	147
674	53	3	10	28672	897024	0	22
675	53	2	11	24576	1167360	0	29
676	53	4	27	114688	2945024	1	79
677	52	1	0	4096	0	1	0
678	54	6	8	69632	872448	1	24
679	53	4	27	53248	3088384	0	85
680	52	9	36	94208	3317760	3	78
681	53	4	0	45056	0	11	0
682	53	3	20	61440	2023424	1	65
683	52	1	0	16384	0	0	0
684	53	10	22	106496	2449408	35	63
685	53	2	18	24576	2088960	0	69
686	49	3	18	28672	1867776	1	52
687	30	2	22	12288	2383872	0	58
688	45	2	2	12288	114688	21	1
689	53	46	34	667648	2166784	48	47
690	50	3	6	65536	188416	0	4
691	24	7	21	69632	856064	1	17
692	45	2	10	49152	1069056	1	45
693	65	17	17	106496	659456	43	12
694	61	11	12	49152	430080	2	8
695	49	11	22	73728	1351680	1	19
696	53	17	29	155648	1142784	39	23
697	54	6	14	94208	880640	7	10
698	57	6	145	102400	2937856	1	288
699	55	10	16	319488	1171456	2	24
700	54	4	8	45056	393216	1	5
701	53	3	19	65536	1933312	0	53
702	53	9	30	114688	2805760	2	104
703	56	10	9	446464	626688	11	12
704	64	6	22	90112	2224128	1	51
705	22	1	23	8192	1232896	0	25
706	19	0	8	0	819200	0	17
707	55	13	17	151552	905216	86	39
708	56	46	26	385024	1282048	29	19
709	56	18	31	217088	1572864	3	25
710	57	34	35	331776	1396736	12	27
711	56	33	35	344064	1363968	16	23
712	58	30	33	303104	1351680	22	24
713	55	21	44	196608	1974272	15	35
714	57	29	28	458752	1634304	5	28
715	56	22	36	262144	1474560	4	29
716	58	16	33	233472	1765376	2	22
717	42	20	34	245760	1044480	18	23
718	56	23	118	245760	2485760	93	247
719	55	13	77	188416	1295872	3	101
720	54	8	24	118784	1445888	1	24
721	53	15	13	208896	696320	49	9
722	55	10	0	106496	0	29	0
723	64	6	34	106496	3563520	15	101
724	59	40	21	901120	782336	47	14
725	38	10	37	176128	1818624	5	31
726	17	0	29	0	3121152	0	92
727	16	13	177	106496	2237440	58	1124
728	29	0	241	0	2075648	0	4293
729	42	0	59	0	241664	0	10
730	58	0	72	0	307200	0	10
731	57	0	76	0	311296	0	13
732	57	0	82	0	339968	0	11
733	57	0	84	0	372736	0	17
734	57	0	85	0	348160	0	14
735	55	0	81	0	331776	0	15
736	59	0	214	0	2148352	0	431
737	57	7	57	61440	319488	7	10
738	61	5	38	21504	499712	21	44
739	56	3	29	73728	864256	1	21
740	56	2	34	8192	1261568	7	35
741	53	1	23	32768	118784	7	3
742	55	11	162	147456	1926144	135	369
743	55	8	23	192512	221184	31	27
744	54	1	21	4096	122880	2	2
745	54	2	37	36864	4153344	1	247
746	57	1	3	4096	20480	5	1
747	55	5	23	77824	1314816	10	28
748	56	10	126	128512	1856512	66	363
749	66	6	9	28672	675840	50	10
750	68	13	2	86016	69632	26	0
751	56	13	21	106496	2355200	57	121
752	57	7	21	335872	1531904	59	62
753	55	4	148	32768	2528256	24	290
754	55	0	5	0	81920	0	2
755	55	2	39	28672	1724416	0	57
756	54	0	3	0	131072	0	1
757	57	1	10	8192	872448	6	20
758	60	0	204	0	2023424	0	3356
759	59	1	163	4096	2331648	6	11504
760	58	3	56	32768	5906432	24	733
761	68	83	15	10194944	1585152	54	52
762	58	2	21	45056	2519040	1	158
763	54	3	5	20480	450560	1	8
764	55	3	25	16384	2826240	6	74
765	54	3	9	20480	946176	1	28
766	55	2	10	8192	684032	0	14
767	53	4	9	16384	745472	9	9
768	53	15	153	86528	2172928	200	621
769	53	17	0	94208	0	79	0
770	54	3	17	16384	1888256	9	62
771	53	1	13	4096	1605632	3	55
772	55	13	155	77824	3883008	37	360
773	53	2	37	12288	1708032	0	149
774	53	1	12	4096	1363968	0	55
775	53	3	5	9216	655360	16	64
776	54	6	64	30208	6500352	42	867
777	54	1	16	4096	1708032	9	64
778	54	3	29	24576	1617920	12	37
779	53	3	133	37376	2188288	16	272
780	55	2	6	12288	618496	0	19
781	53	2	39	32768	3260416	1	103
782	54	1	2	4096	98304	0	0
783	53	0	3	0	212992	0	3
784	54	3	18	16384	1875968	13	80
785	53	1	3	12288	249856	0	5
786	54	2	21	45056	2400256	0	84
787	58	2	17	16384	1900544	9	100
788	56	1	2	512	147456	13	1
789	59	53	111	258048	4392960	22	358
790	55	182	76	753664	3840000	86	9604
791	55	2	32	8192	1990656	0	1160
792	54	1	147	4096	11796480	0	285
793	54	0	46	0	4984832	0	1705
794	54	3	29	20480	1056768	0	882
795	56	1	33	4096	3764224	14	1423
796	60	0	63	0	5357568	0	686
797	54	2	138	45056	8810496	0	2314
798	54	8	42	53248	2703360	3	1905
799	53	3	28	24576	3137536	10	594
800	56	2	48	8192	5365760	9	1073
801	54	12	476	110592	10732544	7	1193
802	54	3	42	20480	5017600	1	1180
803	53	2	68	20480	8699904	0	613
804	55	1	48	8192	4481024	0	1011
805	61	2	79	8192	8515584	6	1166
806	64	3	65	24576	7667712	0	974
807	56	4	80	45056	8873472	47	1481
808	54	26	236	155648	2561536	88	3756
809	53	2	82	24576	10358784	7	1167
810	55	2	40	8192	4878336	0	942
811	57	1	139	8192	6835200	0	886
812	55	4	17	24576	1400832	1	27
813	54	0	0	0	0	0	0
814	57	3	29	36864	1908736	0	43
815	55	4	0	12800	0	56	0
816	56	2	14	53248	1191936	12	37
817	54	0	12	0	933888	0	27
818	55	10	22	119296	2383872	24	69
819	56	6	0	94208	0	1	0
820	54	2	168	4608	2795520	6	359
821	53	3	25	36864	3080192	0	112
822	55	1	4	32768	421888	1	7
823	54	5	23	29184	2359296	18	140
824	54	0	15	0	1835008	0	88
825	53	1	0	12288	0	0	0
826	54	4	32	45056	3526656	9	121
827	53	2	3	28672	212992	13	4
828	54	6	15	115200	1744896	22	82
829	53	2	3	28672	245760	1	3
830	54	3	17	28672	1957888	0	72
831	53	2	31	36864	3641344	10	143
832	54	2	0	16384	0	1	0
833	53	4	4	41472	413696	20	4
834	54	4	36	53248	4173824	11	213
835	53	1	4	12288	258048	1	6
836	54	1	4	12288	319488	7	6
837	54	8	24	184832	2662400	11	86
838	52	1	11	32768	1273856	0	45
839	53	5	0	90624	0	43	0
840	54	2	18	61440	2023424	12	89
841	53	2	28	53248	3436544	12	139
842	53	1	0	4096	0	1	0
843	54	1	17	4096	1851392	0	73
844	55	2	15	40960	270336	0	5
845	56	2	42	36864	3932160	0	189
846	53	1	16	20480	1794048	1	92
847	53	2	0	12800	0	17	0
848	53	4	28	33280	3178496	29	112
849	54	1	143	4096	2036736	0	286
850	51	0	33	0	494592	0	17
851	53	3	50	69632	5779456	264	12309
852	53	0	0	0	0	0	0
853	52	0	4	0	372736	0	7
854	51	2	1	40960	69632	19	1
855	54	3	25	53248	2990080	210	1964
856	53	1	32	32768	3936256	181	5687
857	54	1	0	4096	0	15	0
858	53	1	31	12288	3624960	7	2685
859	54	3	10	49152	1187840	67	37
860	50	1	0	512	0	13	0
861	60	5	13	126976	1470464	330	1253
862	67	1	14	12288	1626112	11	49
863	57	1	0	12288	0	0	0
864	60	4	9	17408	741376	295	971
865	58	3	45	36864	5124096	20	2736
866	58	1	0	12288	0	15	0
867	65	6	16	143360	1835008	244	1354
868	59	1	65	28672	8003584	164	19967
869	55	1	4	4096	172032	13	4
870	53	3	19	28672	2187264	17	2558
871	61	6	139	26112	3782656	71	655
872	54	2	24	65536	1138688	181	631
873	53	0	37	0	4337664	0	4270
874	54	3	4	37376	299008	24	3
875	64	1	0	4096	0	13	0
876	66	3	44	16384	3420160	7	120
877	64	3	72	8704	5148672	1	539
878	60	0	64	0	6586368	0	762
879	65	1	20	32768	1306624	1	29
880	65	4	279	49152	6446080	13	937
881	63	3	41	12288	2633728	6	527
882	56	3	24	49152	1794048	16	41
883	55	1	18	4096	1810432	1	76
884	56	2	5	16384	221184	12	4
885	58	6	50	25600	3055616	20	100
886	55	6	15	45056	446464	1	9
887	55	2	0	12288	0	0	0
888	56	7	34	69632	3559424	1	221
889	54	2	24	8192	2383872	0	123
890	56	6	144	6656	4093952	88	532
891	56	0	0	0	0	0	0
892	55	5	10	69632	1118208	17	36
893	55	0	4	0	417792	0	7
894	55	1	9	16384	946176	0	37
895	57	1	61	4096	6725632	52	471
896	53	4	13	53248	1589248	18	44
897	55	8	5	103936	446464	28	25
898	57	7	19	53248	1495040	36	48
899	57	2	23	20480	2269184	0	62
900	58	1	3	8192	245760	0	3
901	55	1	5	12288	360448	0	6
902	51	3	11	40960	667648	1	18
903	31	11	402	49152	7477248	34	20119
904	18	3	26	16384	425984	1	13
905	16	0	16	0	954368	0	25
906	18	0	2	0	8192	0	2
907	14	3	54	12288	5311488	4	339
908	12	4	1195	16384	4151296	69	42407
909	21	38	1275	155648	2022400	34	31666
910	57	30	836	139264	3531776	71	21582
911	61	0	16	0	671744	0	17
912	61	45	26	504320	1892352	31	23
913	55	1	20	8192	1286144	0	29
914	34	0	23	0	1253376	0	32
915	41	0	20	0	1122304	0	31
916	28	1	1	28672	4096	2	1
917	26	0	1	0	4096	0	2
918	25	1	42	8192	4333568	1	294
919	20	0	1	0	4096	0	1
920	33	1	43	4096	4902912	15	591
921	18	8	131	135168	2013184	144	272
922	24	7	13	90112	663552	32	12
923	46	10	218	35328	2683904	82	5430
924	53	18	44	143872	1441792	79	37
925	54	10	14	75776	577536	28	7
926	53	5	13	61440	610304	1	11
927	55	15	33	136704	1904640	11	48
928	53	3	32	57344	2670592	0	114
929	45	4	20	36864	1490944	1	42
930	29	5	124	20480	2038784	10	248
931	53	9	33	114688	3637248	76	133
932	51	3	0	40960	0	17	0
933	54	27	6	149504	524288	40	8
934	52	2	12	20480	1462272	0	35
935	54	3	7	25600	720896	18	13
936	53	4	15	69632	1798144	1	40
937	55	4	7	32768	630784	1	10
938	53	7	16	118784	1179648	3	24
939	54	3	0	73728	0	0	0
940	53	11	108	161280	2419200	17	197
941	53	2	119	24576	2860544	1	2342
942	53	15	13	65536	1359872	74	29
943	54	2	22	53248	2412544	1	89
944	53	3	3	36864	233472	0	2
945	54	4	8	16896	815104	1	9
946	52	7	7	123392	614400	10	7
947	54	2	15	20480	1744896	1	63
948	41	5	5	118784	495616	1	6
949	52	1	12	8192	491520	24	8
950	55	16	58	114688	1286144	58	48
951	57	1	20	8192	81920	12	3
952	53	7	22	65536	1130496	36	39
953	53	2	21	4608	2437120	16	73
954	53	16	12	222208	1245184	82	19
955	53	1	0	512	0	16	0
956	58	22	152	230400	3035136	184	346
957	58	8	9	208896	434176	21	8
958	70	9	0	49664	0	41	0
959	65	7	74	225280	8327168	18	990
960	55	1	1	4096	4096	8	1
961	55	4	25	65536	2859008	33	189
962	55	5	44	45056	4780032	1	222
963	53	1	13	4096	1433600	12	65
964	53	7	20	66048	2109440	18	51
965	53	2	12	36864	1277952	0	38
966	56	4	18	53248	2027520	29	54
967	57	13	22	176128	2314240	56	60
968	52	3	9	16384	1011712	1	30
969	54	5	27	49152	3129344	27	159
970	54	2	37	20480	4530176	0	13390
971	63	3	210	61440	6184960	14	498
972	58	4	28	45056	2293760	1	50
973	55	3	1	36864	4096	0	2
974	65	2	22	16384	2465792	1	90
975	66	1	27	32768	2166784	0	68
976	58	2	25	36864	2838528	0	104
977	54	11	15	75264	1536000	42	41
978	53	13	4	409600	225280	40	7
979	53	3	15	28672	1515520	12	55
980	53	0	9	0	1007616	0	31
981	59	6	22	25088	2572288	20	114
982	55	2	19	24576	1949696	1	84
983	55	2	37	32768	4497408	0	406
984	54	2	3	8192	188416	10	4
985	56	1	8	4096	757760	0	19
986	53	4	35	131072	4014080	1	142
987	54	3	0	9216	0	18	0
988	55	3	18	49152	2002944	14	62
989	54	6	20	49152	2183168	1	71
990	53	3	32	49152	3710976	0	166
991	53	2	2	32768	73728	14	1
992	53	3	17	24576	1916928	17	51
993	54	2	21	16384	2117632	0	75
994	53	3	20	24576	2076672	1	70
995	55	3	7	36864	794624	0	25
996	57	2	17	12288	1458176	0	65
997	58	5	16	69632	1589248	3	44
998	53	2	4	8192	69632	8	5
999	54	4	31	61440	3522560	1	110
1000	53	3	2	36864	61440	11	2
1001	53	6	148	69632	3801088	4	290
1002	53	4	22	36864	2424832	10	83
1003	53	0	21	0	2408448	0	125
1004	52	6	18	40960	1855488	1	51
1006	53	3	6	16384	405504	1	10
1007	52	3	17	28672	1785856	0	52
1008	53	6	14	20992	1318912	17	33
1009	52	4	19	57856	1994752	0	55
1010	58	10	11	34304	1310720	62	35
1011	53	22	15	241152	1429504	33	51
1012	54	6	13	258560	1437696	43	59
1013	65	3	20	16384	2228224	6	72
1014	55	1	26	12288	1937408	0	58
1015	57	2	21	12288	2359296	0	75
1016	60	1	1	4096	4096	2	1
1017	57	6	34	65536	2846720	28	83
1018	58	2	25	32768	1933312	0	89
1019	62	8	2	221184	8192	4	3
1020	59	59	93	1003520	10158080	17	669
1021	61	4	2	81920	8192	71	3
1022	65	44	249	332288	3719168	333	5182
1023	64	21	28	192512	2207744	35	65
1024	64	2	15	12288	921600	2	21
1025	62	1	36	32768	4005888	12	1380
1026	63	2	30	32768	1589248	1	36
1027	62	4	1	20480	4096	17	1
1028	61	32	46	647680	4464640	29	217
1029	64	2	31	8192	2588672	2	113
1030	59	1	36	16384	3317760	6	135
1031	69	9	64	221184	6459392	3	281
1032	65	2	145	8192	3596288	0	256
1033	56	13	20	172032	1024000	27	37
1034	54	70	68	791040	4796416	128	258
1035	50	590	444	3223552	2998272	140	109
1036	59	8	227	69632	5520384	167	1206
1037	64	2	28	8192	1896448	23	42
1038	63	1	56	8192	4071424	6	148
1039	66	14	49	167936	4485120	16	159
1040	68	1	81	4096	4100096	1	114
1041	65	23	73	253952	5185536	40	195
1042	93	15	60	212992	4530176	51	90
1043	72	42	250	368640	6019072	27	726
1044	76	125	53	799232	3915776	71	85
1045	66	53	49	562688	3305472	19	88
1046	66	3	30	53248	2277376	9	48
1047	63	6	34	40960	2748416	15	102
1048	65	2	35	40960	3137536	13	92
1049	65	2	21	16384	1404928	0	35
1050	65	3	32	32768	2650112	1	99
1051	65	5	38	102400	2367488	0	62
1052	59	1	45	16384	2945024	0	606
1053	54	2	33	20480	3014656	1	91
1054	53	3	10	16384	790528	0	28
1055	53	4	39	33280	4521984	36	194
1056	53	8	141	61952	3606528	51	321
1057	54	1	11	4096	1101824	0	29
1058	53	3	13	49152	913408	0	29
1059	53	8	33	65536	3104768	3	99
1060	53	4	6	61440	471040	1	8
1061	54	2	20	24576	2301952	13	94
1062	53	3	90	61440	2685440	0	208
1063	53	4	92	94208	2442752	1	1299
1064	56	5	18	40960	1691648	54	54
1065	53	3	16	24576	1994752	1	102
1066	54	10	21	53248	1392640	13	32
1067	52	2	24	40960	2560000	1	86
1068	53	4	12	24576	1396736	40	50
1069	52	4	26	69632	3014656	28	119
1070	54	3	0	12288	0	24	0
1071	53	5	27	65536	3063808	1	151
1072	53	3	18	53248	1998848	1	69
1073	52	3	16	53248	1597440	0	40
1074	53	3	23	20480	2523136	13	87
1075	52	32	6	253952	28672	34	0
1076	53	8	157	53760	5897216	57	698
1077	52	2	3	16384	172032	1	2
1078	53	5	19	36864	2035712	1	73
1079	52	3	36	40960	3944448	9	152
1080	52	4	0	49152	0	27	0
1081	52	4	21	69632	2396160	37	273
1082	53	7	29	49152	2998272	13	102
1083	53	7	16	65536	1445888	33	29
1084	53	2	143	16896	2839552	17	310
1085	53	16	32	86016	2936832	58	140
1086	53	5	8	36864	450560	1	10
1087	57	4	14	36864	1220608	10	35
1088	65	5	31	49152	3444736	1	162
1089	67	3	9	45056	851968	0	16
1090	58	60	25	430080	2293760	189	71
1091	53	59	30	553472	3465216	19	135
1092	54	1	35	12288	4362240	0	1492
1093	52	9	181	212992	4809728	26	421
1094	53	2	0	20480	0	0	0
1095	53	2	18	65536	1982464	6	77
1096	53	7	23	94208	2813952	11	136
1097	52	4	36	61440	4202496	25	149
1098	53	3	11	53248	987136	28	29
1099	52	2	21	49152	2297856	1	89
1100	52	7	9	132096	999424	41	30
1101	53	9	19	70144	1314816	51	49
1102	53	11	23	57344	2371584	21	84
1103	52	5	0	73728	0	6	0
1104	54	3	30	20480	3514368	13	165
1105	53	3	37	81920	4329472	1	217
1106	53	4	0	200704	0	19	0
1107	53	2	13	36864	1597440	0	63
1108	57	1	13	8192	1458176	0	52
1109	60	10	24	53248	2564096	54	149
1110	55	11	188	110592	4365312	27	646
1111	56	7	7	74240	565248	17	24
1112	61	4	8	28672	593920	0	11
1113	57	10	39	86016	3268608	2	147
1114	53	3	4	32768	212992	0	2
1115	53	4	3	32768	237568	1	2
1116	53	4	14	32768	1523712	1	53
1117	54	3	23	36864	2449408	0	136
1118	53	7	73	40960	8564736	52	1063
1119	53	2	4	16384	176128	1	2
1120	53	6	29	61440	2834432	23	70
1121	53	3	12	57344	987136	1	15
1122	53	5	9	45056	950272	18	28
1123	53	8	107	94208	3163136	28	892
1124	53	2	11	45056	1060864	5	36
1125	52	3	31	77824	3510272	1	189
1126	54	3	0	36864	0	17	0
1127	53	6	26	57344	2920448	16	122
1128	52	7	7	143872	577536	63	7
1129	53	6	10	25088	1163264	41	47
1130	53	7	13	86016	811008	7	30
1131	53	5	29	86016	3080192	0	151
1132	53	5	24	65536	2568192	32	96
1133	53	2	3	28672	229376	0	4
1134	53	6	29	49152	2932736	19	101
1135	52	2	19	40960	2105344	1	90
1136	53	6	13	90112	1323008	1	30
1137	50	1	0	4096	0	0	0
1138	55	15	231	69632	6187008	141	2476
1139	57	16	27	65536	1118208	21	33
1140	51	18	208	294912	4254208	84	1559
1141	60	7	207	40960	251392	128	17735
1142	55	10	13	266240	753664	12	13
1143	59	4	18	40960	1921024	22	61
1144	66	3	7	40960	458752	0	13
1145	67	4	33	49152	2371584	9	62
1146	58	6	8	40960	720896	1	15
1147	60	4	12	20480	1081344	24	33
1148	54	11	37	98304	2838528	4	81
1149	57	2	7	20480	450560	1	8
1150	61	6	14	40960	1110016	1	30
1151	71	5	12	57344	913408	1	21
1152	70	8	28	131072	1757184	3	44
1153	60	11	225	110592	10129408	488	22061
1154	60	3	16	16384	1421312	0	33
1155	59	5	27	36864	1744896	21	32
1156	62	4	3	36864	139264	20	4
1157	53	2	13	8192	1191936	11	32
1158	54	4	17	57344	1552384	8	43
1159	53	3	6	12288	294912	1	7
1160	54	5	25	57344	2387968	1	51
1161	24	2	2	20480	122880	2	0
1162	46	0	0	0	0	0	0
1163	54	10	22	102912	2060288	2894	8573
1164	54	4	24	45056	2441216	21	63
1165	58	3	4	49152	323584	0	5
1166	64	3	16	53248	1380352	1	42
1167	65	4	19	20480	1978368	0	79
1168	53	1	3	4096	225280	1	4
1169	58	8	27	90112	2445312	34	77
1170	58	3	4	28672	114688	7	1
1171	53	3	2	24576	147456	8	2
1172	54	4	8	16384	647168	1	9
1173	54	6	23	45056	2187264	19	85
1174	53	7	13	69632	1200128	2	30
1175	52	11	12	55808	1163264	55	37
1176	53	7	15	37376	1482752	59	46
1177	53	12	18	90112	1409024	8	26
1178	57	3	16	36864	1507328	1	35
1179	53	7	16	77824	1519616	1	22
1180	53	4	169	28672	3249152	31	432
1181	54	6	22	53248	1961984	25	52
1182	55	5	9	53248	1044480	25	25
1183	53	3	40	49152	2246656	0	68
1184	53	3	163	57344	3278848	1	443
1185	53	7	12	94208	1355776	1	49
1186	54	4	16	49152	1773568	1	52
1187	53	6	18	106496	2027520	1	55
1188	54	3	12	45056	1236992	1	30
1189	52	2	13	8192	1413120	0	27
1190	53	3	11	49152	1097728	4	30
1191	52	4	18	57344	1818624	1	40
1192	53	6	5	98816	315392	19	5
1193	52	3	21	32768	2244608	1	64
1194	52	5	17	61440	1605632	40	30
1195	52	6	7	57856	303104	63	4
1196	53	5	21	40960	2150400	1	37
1197	53	4	3	24576	212992	0	2
1198	53	5	26	40960	2514944	1	64
1199	53	4	10	53248	778240	1	7
1200	62	8	249	46592	2797056	21	8577
1201	62	4	67	45056	1569280	42	9667
1202	54	1	5	4096	479232	0	12
1203	53	5	16	94208	1613824	1	44
1204	53	4	12	45056	1191936	0	22
1205	54	5	16	36864	1634304	1	46
1206	53	24	41	135168	1785856	21	44
1207	52	3	10	20480	1101824	17	31
1208	53	4	27	28672	3031040	1	67
1209	53	3	17	36864	1675264	0	47
1210	53	2	26	20480	2818048	1	88
1211	52	5	10	32768	712704	0	11
1212	27	4	20	53248	1953792	1	41
1213	48	23	231	135168	2705408	485	8098
1214	54	43	135	311296	1999872	392	491
1215	52	24	21	299008	462848	5	4
1216	52	4	0	81920	0	23	0
1217	53	15	23	204800	2437120	61	84
1218	53	6	41	131072	4526080	2	150
1219	52	6	0	94208	0	1	0
1220	54	18	38	151552	3964928	88	128
1221	52	14	54	110592	3887104	41	126
1222	52	12	161	135168	2115584	72	416
1223	53	13	21	233472	2015232	56	56
1224	53	6	20	94208	1978368	1	42
1225	53	6	3	73728	184320	16	3
1226	53	3	48	49152	5459968	1	196
1227	52	7	7	348160	667648	25	9
1228	53	5	23	53248	2158592	47	176
1229	53	3	11	28672	978944	0	20
1230	56	3	20	28672	2097152	1	43
1231	61	5	31	69632	3125248	1	117
1232	39	44	35	905216	2150400	43	46
1233	20	11	36	237568	1835008	4	20
1234	49	44	295	802816	4786688	182	11287
1235	52	33	21	598016	435712	330	779
1236	53	15	29	245760	3002368	76	74
1237	52	3	9	24576	1044480	0	31
1238	52	9	9	155648	991232	70	25
1239	52	6	48	86016	5570560	143	191
1240	53	14	12	303616	933888	115	28
1241	53	2	11	32768	1269760	0	50
1242	52	6	37	102400	4046848	55	146
1243	47	11	0	188416	0	30	0
1244	52	21	228	577536	5462016	523	2805
1245	53	3	21	53248	2375680	54	74
1246	53	2	9	36864	1032192	1	27
1247	52	4	23	69632	2625536	0	91
1248	52	2	36	65536	4419584	34	210
1249	52	10	11	332288	1212416	57	39
1250	53	5	20	200704	2273280	24	65
1251	53	1	0	32768	0	0	0
1252	53	3	40	32768	4718592	0	178
1253	52	5	13	102912	1515520	19	43
1254	53	6	33	126976	3276800	43	132
1255	53	7	8	135168	913408	15	21
1256	58	1	12	4096	1429504	0	50
1257	64	5	43	102400	4907008	42	424
1258	54	2	15	40960	1622016	1	41
1259	52	8	0	339968	0	16	0
1260	53	6	21	176128	2363392	76	77
1261	54	2	11	65536	1105920	21	25
1262	56	1	0	32768	0	0	0
1263	54	3	22	69632	2772992	1	165
1264	53	5	59	90112	6918144	6	339
1265	51	3	7	61440	712704	1	27
1266	52	8	161	122880	3831808	151	355
1267	52	16	14	331776	1679360	90	54
1268	52	1	2	32768	20480	0	0
1269	52	10	49	188416	5894144	54	239
1270	53	7	18	73728	1978368	19	50
1271	52	2	7	20480	692224	22	13
1272	58	6	42	69632	4517888	71	148
1273	58	14	9	237568	339968	42	5
1274	52	13	162	197120	8380416	82	868
1275	53	3	90	45056	2598912	18	4802
1276	53	8	21	233472	2121728	2	70
1277	53	3	13	81920	1564672	0	63
1278	53	2	21	53248	2408448	1	69
1279	53	4	41	61440	4718592	0	239
1280	53	5	17	86528	1982464	34	49
1281	53	4	16	237568	1896448	1	75
1282	52	2	0	57344	0	0	0
1283	53	2	14	28672	1503232	21	41
1284	53	3	52	98304	6307840	0	289
1285	53	3	19	28672	2150400	1	65
1286	51	5	16	90112	1589248	1	35
1287	52	25	21	181760	2163712	108	43
1288	52	7	134	368640	3310592	158	311
1289	53	6	0	331776	0	2	0
1290	51	3	23	90112	2740224	0	87
1291	52	1	0	32768	0	1	0
1292	53	4	45	45056	4988928	44	408
1293	52	9	24	173056	2842624	50	112
1294	52	2	0	12288	0	5	0
1295	53	5	47	77824	5656576	90	173
1296	52	2	12	24576	1171456	23	26
1297	53	5	28	73728	2723840	66	91
1298	52	2	20	20480	2269184	19	65
1299	53	3	11	65536	1028096	24	25
1300	52	5	27	135168	3072000	16	88
1301	52	11	13	294912	1564672	19	66
1302	52	5	190	69632	4513792	112	506
1303	52	3	30	49152	3350528	41	106
1304	50	13	11	53248	315392	85	3
1305	53	18	451	110592	5527552	108	17077
1306	52	9	29	102400	1634304	55	39
1307	52	16	22	131072	929792	23	24
1308	51	8	13	184320	864256	32	21
1309	60	7	0	303104	0	85	0
1310	53	12	55	114688	5468160	67	203
1311	60	2	6	12288	655360	1	17
1312	63	2	14	20480	1482752	0	37
1313	66	4	33	45568	3973120	46	170
1314	57	2	18	20480	2093056	1	49
1315	55	4	24	45056	2568192	46	72
1316	64	1	10	32768	1097728	1	35
1317	54	6	27	61440	3072000	0	81
1318	55	6	32	57856	3436544	22	80
1319	61	2	7	8192	696320	0	21
1320	55	4	25	106496	2744320	19	77
1321	55	7	10	114688	999424	3	16
1322	53	3	18	32768	1789952	26	38
1323	55	6	34	82432	3530752	58	107
1324	53	2	0	8192	0	17	0
1325	52	7	31	53760	3579904	40	99
1326	55	16	142	131072	2887680	78	296
1327	55	7	45	86016	4595712	45	186
1328	55	10	12	184320	1433600	22	38
1329	56	13	27	192512	2981888	57	91
1330	54	9	20	176128	2277376	16	64
1331	55	1	10	8192	1175552	0	29
1332	60	8	35	94208	4050944	3	139
1333	54	9	26	106496	2928640	4	71
1334	55	1	8	28672	655360	0	17
1335	56	6	24	49152	2699776	1	73
1336	53	7	261	49152	4435456	64	2115
1337	53	2	18	16384	2023424	23	50
1338	52	6	38	107008	2871296	44	87
1339	54	5	10	28672	1179648	16	33
1340	56	15	54	86016	4169728	120	338
1341	54	5	13	53248	970752	25	21
1342	54	4	27	57344	3088384	19	79
1343	55	13	22	86016	2285568	23	58
1344	53	2	19	40960	2174976	0	65
1345	54	9	20	65536	2048000	2	61
1346	53	9	35	159744	3813376	4	102
1347	53	0	36	0	4513792	0	996
1348	52	4	41	28672	4636672	0	132
1349	53	1	15	12288	1552384	1	37
1350	53	4	22	33280	2510848	16	78
1351	54	4	22	40960	2338816	1	65
1352	52	1	11	20480	1269760	0	46
1353	54	7	29	69632	3383296	46	87
1354	53	1	11	32768	1294336	1	37
1355	53	4	26	81920	2580480	0	93
1356	52	5	22	90112	2576384	1	77
1357	53	10	27	41984	2908160	60	88
1358	54	8	29	65536	3325952	1	97
1359	53	3	16	28672	1814528	0	51
1360	53	7	179	73728	5193728	52	455
1361	53	2	11	32768	1298432	0	41
1362	53	6	22	78336	2301952	22	66
1363	52	3	21	40960	2437120	3	65
1364	53	5	28	40960	2998272	39	99
1365	56	4	27	61440	3014656	41	72
1366	49	4	139	24576	3384320	0	368
1367	21	2	31	53248	3579904	1	106
1368	27	2	9	45056	1024000	6	35
1369	58	5	16	73728	1638400	118	50
1370	47	5	0	9728	0	32	0
1371	29	0	128	0	2680832	0	263
1372	20	3	0	25600	0	0	0
1373	18	5	154	20992	5863424	95	603
1374	54	98	5	471040	180224	603	1
1375	57	16	133	160768	2510848	83	614
1376	51	20	35	96768	1568768	117	54
1377	16	7	41	393216	425984	20	37
1378	15	0	0	0	0	0	0
1379	16	0	0	0	0	0	0
1380	16	0	0	0	0	0	0
1381	33	0	0	0	0	0	0
1382	20	20	63	131584	4653056	75	608
1383	13	3	18	40960	1568768	0	32
1384	19	12	19	73728	1697792	102	35
1385	20	24	328	200704	3246080	411	1412
1386	14	9	38	110592	4345856	1	14457
1387	26	4	14	16384	1400832	1	67
1388	20	11	12	106496	163840	2	4
1389	14	9	312	74240	3664896	63	17326
1390	18	7	2	123392	12288	56	3
1391	36	9	17	33280	1449984	22	60
1392	23	25	33	155648	1122304	124	17
1393	54	37	9	233472	425984	99	5
1394	37	13	20	119296	864256	47	10
1395	28	0	41	0	1597440	0	30
1396	53	19	231	184320	4714496	148	555
1397	35	12	17	135680	1400832	2	25
1398	42	2	32	8192	3080192	1	64
1399	46	63	56	606208	757760	67	32
1400	53	36	50	184320	258048	167	30
1401	54	11	0	58368	0	36	0
1402	53	14	20	115200	2260992	24	63
1403	54	5	11	20480	1286144	1	42
1404	30	5	17	20480	1990656	0	58
1405	41	0	9	0	913408	0	12
1406	60	7	11	49152	1040384	1	34
1407	59	3	8	20480	667648	1	13
1408	59	4	25	73728	2740224	1	78
1409	57	4	4	20480	360448	18	4
1410	59	3	22	45056	2514944	0	89
1411	53	2	22	49152	2478080	1	83
1412	53	30	4	174080	368640	35	4
1413	53	15	209	106496	4383744	30	3072
1414	54	5	16	32768	1581056	1	35
1415	65	5	39	57344	4505600	1	161
1416	47	1	8	24576	917504	18	17
1417	43	1	30	512	3510272	22	98
1418	54	9	16	74240	1253376	27	36
1419	54	1	5	4096	483328	6	7
1420	55	1	22	8192	2502656	1	77
1421	55	5	20	29184	2314240	32	85
1422	48	0	0	0	0	0	0
1423	26	2	51	8192	5894144	1	208
1424	49	0	9	0	1064960	0	27
1425	64	4	14	20480	1449984	0	39
1426	63	1	95	4096	1695744	0	152
1427	47	2	34	40960	3997696	1	140
1428	21	0	19	0	2093056	0	61
1429	43	6	28	36864	2756608	1	92
1430	38	4	7	28672	569344	92	8
1431	52	5	14	32768	1286144	0	35
1432	52	2	3	40960	270336	18	3
1433	53	4	30	41472	3448832	29	96
1434	49	3	22	24576	2568192	0	86
1435	35	1	33	512	3657728	0	92
1436	20	1	10	4096	1146880	23	33
1437	21	33	42	131584	3293184	78	108
1438	30	12	8	50688	356352	58	5
1439	17	15	15	81920	462848	70	33
1440	24	8	410	25600	2391040	107	22339
1441	20	10	12	78848	319488	19	4
1443	51	11	27	45056	761856	72	77
1444	40	45	22	688128	798720	61	15
1445	39	14	14	119296	782336	75	9
1446	23	5	16	81920	1015808	1	16
1447	34	2	8	32768	937984	0	21
1448	39	25	168	188416	3387392	134	337
1449	54	39	20	281088	1163264	163	44
1450	56	52	16	546304	1073152	103	10
1451	52	10	5	126976	479232	2	12
1452	54	44	28	284160	2465792	161	78
1453	54	13	18	176128	1355776	8	14
1454	55	19	19	286720	1253376	23	14
1455	55	9	16	167936	1269760	1	21
1456	40	7	28	110592	1933312	2	29
1457	29	10	190	94208	3382272	729	1546
1458	44	57	42	249856	634880	65	38
1459	56	8	75	32768	319488	53	46
1460	26	85	91	524288	864256	64	53
1461	50	144	36	1623040	1536000	237	31
1462	43	96	303	962560	6189056	407	6683
1463	51	106	504	1138688	3875840	677	24149
1464	41	183	366	1155584	2822144	783	5035
1465	48	31	374	290816	2196480	412	19986
1466	27	132	113	648704	1527808	602	99
1467	27	111	349	589824	2762752	726	12093
1468	28	175	568	864768	4739072	922	14174
1469	67	243	557	1601536	3559424	731	23354
1470	67	132	230	1421824	3208192	503	567
1471	52	30	29	233472	1351680	237	879
1472	49	41	70	483840	7319552	369	49382
1473	65	67	179	577536	5699584	902	19937
1474	54	72	2	619520	118784	152	1
1475	53	26	37	352256	3178496	285	276
1476	55	20	9	290816	741376	4	10
1477	52	12	14	70144	307200	4	5
1478	54	56	65	1101824	5722112	216	140
1479	52	16	11	237568	610304	70	22
1480	50	28	36	397312	2748416	122	55
1481	52	26	195	376832	3616768	546	499
1482	59	7	6	49152	385024	45	5
1483	65	20	30	204800	1396736	89	49
1484	55	8	12	81920	528384	20	8
1485	51	67	78	815104	3997696	111	213
1486	31	32	200	385024	2232832	293	760
1487	57	28	508	233472	4344320	566	23600
1488	70	35	198	311296	2845184	755	2019
1489	50	13	23	147456	1507328	30	42
1490	54	7	274	107008	2437120	126	13015
1491	54	16	18	172544	1396736	59	79
1492	50	21	26	430080	2478080	128	67
1493	26	24	38	196608	1339392	35	17
1494	40	35	31	405504	1253376	59	19
1495	20	27	24	336896	598016	84	9
1496	9	65	272	888832	2288640	339	12017
1497	17	19	75	212992	7892992	59	30525
1498	54	16	23	200704	2695168	838	27949
1499	53	12	11	127488	499712	26	17
1500	53	15	9	55296	778240	69	13
1501	42	7	2	119808	40960	29	1
1502	38	15	50	90112	3649536	66	138
1503	34	7	44	53248	2473984	23	71
1504	26	9	145	54784	2203648	95	408
1505	23	14	25	208896	569344	72	10
1506	10	36	19	654848	716800	195	11
1507	14	81	129	312832	1813504	593	546
1508	8	45	5	854016	229376	736	2
1509	5	437	1	12189696	8192	7931	2
1510	14	557	0	14290944	0	7780	0
1511	5	558	0	15384576	0	7269	0
1512	7	435	0	11816960	0	8007	0
1513	5	504	0	14856192	0	7898	0
1514	7	412	0	11530240	0	7867	0
1515	6	948	0	24453120	0	7837	0
1516	8	490	0	13320192	0	7837	0
1517	6	1669	0	39137280	0	7897	0
1518	5	466	121	10870784	1812992	7628	3276
1519	6	167	119	4366336	1819648	7571	7136
1520	6	322	157	8069120	2917888	7903	4912
1521	5	306	145	9626112	1615872	3660	4752
1522	5	181	0	16187392	0	1728	0
1523	6	148	0	11927552	0	1440	0
1524	7	190	0	16117760	0	1401	0
1525	12	179	0	16195584	0	1438	0
1526	7	73	4	6676480	40960	514	3
1527	6	119	0	2617344	0	791	0
1528	5	128	0	3276800	0	878	0
1529	7	133	3	3420160	32768	924	3
1530	9	140	3	3219456	16384	942	4
1531	14	171	0	3915776	0	940	0
1532	14	158	49	7774208	5128192	1211	467
1533	10	72	2	3215360	8192	459	3
1534	18	1	568	16384	73920512	123	39142
1535	14	59	12	3334656	245760	736	19
1536	38	292	460	2330624	4240384	159	11099
1537	39	29	1	345088	4096	150	0
1538	31	0	0	0	0	0	0
1539	39	268	29	7069696	3190784	3138	463
1540	55	307	151	7626752	19394560	1970	6515
1541	54	9	7	65536	663552	181	287
1542	45	3	4	49152	409600	7	6
1543	18	4	54	61440	4800512	15	135
1544	57	53	180	335872	3482624	209	719
1545	54	25	29	163840	876544	90	15
1546	60	10	23	110592	1228800	1	19
1547	39	8	184	115200	3127296	26	614
1548	25	2	48	77824	593920	21	68
1549	21	8	21	69632	954368	43	17
1550	30	48	31	1065472	331776	104	9
1551	22	37	425	184832	4992000	588	9728
1552	41	65	10	438784	258048	129	2
1553	54	19	15	127488	696320	48	27
1554	45	14	22	144384	1019904	14	15
1555	18	0	488	0	3118080	0	18285
1556	19	36	18	204800	147456	109	3
1557	19	28	47	241664	1717760	144	57
1558	50	28	206	251392	1211904	350	8690
1559	53	18	53	94720	6373376	65	32560
1560	51	4	14	24576	1134592	1	19
1561	16	2	49	24576	1843200	11	35
1562	13	22	12	94720	548864	26	6
1563	22	31	411	120320	2066432	287	19871
1564	19	95	0	409600	0	115	0
1565	30	98	237	401408	1819648	304	11212
1566	60	10	8	135168	503808	22	10
1567	20	25	305	122880	7088640	121	23091
1568	19	5	692	49152	2206208	30	22344
1569	18	43	22	466944	1410048	125	25
1570	36	18	388	282624	1471488	38	16148
1571	54	9	2	57344	32768	15	0
1572	42	19	22	184320	917504	37	19
1573	25	15	7	176128	176128	26	2
1574	22	0	413	0	3630080	0	20580
1575	34	6	17	119296	880640	34	21
1576	26	188	27	1877504	909312	734	70
1577	39	112	163	872448	3743744	225	3912
1578	20	28	100	155648	3577856	90	24931
1579	25	18	34	180224	1286144	125	216
1580	36	239	666	1855488	2699264	1058	29670
1581	9	392	605	4161536	6308352	879	8686
1582	10	7	424	28672	5591040	901	2090
1583	35	21	398	131072	6062592	1842	1980
1584	30	176	734	1769472	5382144	787	22396
1585	23	63	44	585728	1118208	131	92
1586	38	25	445	303104	2188288	88	21858
1587	33	185	320	2211840	5558272	253	5138
1588	22	78	258	279552	3351552	1245	35805
1589	9	164	989	332800	11842560	649	8843
1590	12	15	1013	143360	10001408	208	70225
1591	16	31	865	266240	9034752	328	7018
